{"options":{"validator":{"$jsonSchema":{"bsonType":"object","required":["fullname","dob"],"properties":{"fullname":{"description":"must be a string and is required","bsonType":"string"},"dob":{"bsonType":"date","description":"must be a date and is required"},"phone":{"bsonType":"string","description":"must be a string"},"residence":{"bsonType":"string","description":"must be a string"},"emergency":{"bsonType":"string","description":"must be a string"}}}},"validationLevel":"strict","validationAction":"error"},"indexes":[{"v":{"$numberInt":"2"},"key":{"_id":{"$numberInt":"1"}},"name":"_id_","ns":"goodhealthDb.patient"}],"uuid":"99ddf0e21444475ca41b0ca5ed747d22"}