{"options":{"validationAction":"error","validator":{"$jsonSchema":{"properties":{"fullname":{"bsonType":"string","description":"must be a string"},"datepaid":{"bsonType":"date","description":"must be a datetime"},"amountpaid":{"bsonType":"double","description":"must be a float"},"balance":{"bsonType":"double","description":"must be a number"}},"bsonType":"object"}},"validationLevel":"strict"},"indexes":[{"v":{"$numberInt":"2"},"key":{"_id":{"$numberInt":"1"}},"name":"_id_","ns":"goodhealthDb.payment"}],"uuid":"581a859711a443b99af3bc854f33c108"}