{"options":{"validator":{"$jsonSchema":{"bsonType":"object","properties":{"firstname":{"bsonType":"string","description":"must be a string"},"lastname":{"bsonType":"string","description":"must be a string"},"dob":{"bsonType":"date","description":"must be a date"},"phone":{"bsonType":"string","description":"must be a string"}}}},"validationLevel":"strict","validationAction":"error"},"indexes":[{"v":{"$numberInt":"2"},"key":{"_id":{"$numberInt":"1"}},"name":"_id_","ns":"goodhealthDb.student"}],"uuid":"e117f8b505e64873a9fdb3383acabef8"}